topology,algorithm,instance,seed,num_nodes,avg_degree,lambda2,spectral_gap,total_rounds,total_messages,avg_messages_per_round,final_error,target_average,final_average,converged
complete,random_avg,0,2026,100,99.0,0.9898989898989868,0.010101010101013164,9,900,100.0,0.007533137676616786,0.5187482024921347,0.5187482024921348,True
complete,geographic,0,2026,100,99.0,0.9898989898989868,0.010101010101013164,11,2502,227.45454545454547,0.007092671254035232,0.5187482024921347,0.5187482024921348,True
complete,random_avg,1,2027,100,99.0,0.9898989898989868,0.010101010101013164,10,1000,100.0,0.005885801415742631,0.48926110510464144,0.48926110510464155,True
complete,geographic,1,2027,100,99.0,0.9898989898989868,0.010101010101013164,13,2998,230.6153846153846,0.0028596120081834653,0.48926110510464144,0.4892611051046415,True
complete,random_avg,2,2028,100,99.0,0.9898989898989868,0.010101010101013164,9,900,100.0,0.007859041817786627,0.5188777313899733,0.5188777313899735,True
complete,geographic,2,2028,100,99.0,0.9898989898989868,0.010101010101013164,10,2355,235.5,0.008114641847863924,0.5188777313899733,0.5188777313899733,True
complete,random_avg,3,2029,100,99.0,0.9898989898989868,0.010101010101013164,9,900,100.0,0.0073185138063537325,0.508723092220862,0.508723092220862,True
complete,geographic,3,2029,100,99.0,0.9898989898989868,0.010101010101013164,11,2472,224.72727272727272,0.006634157666203677,0.508723092220862,0.508723092220862,True
complete,random_avg,4,2030,100,99.0,0.9898989898989868,0.010101010101013164,10,1000,100.0,0.004840360264912469,0.4653823985235684,0.46538239852356833,True
complete,geographic,4,2030,100,99.0,0.9898989898989868,0.010101010101013164,10,2246,224.6,0.0067827092435329694,0.4653823985235684,0.46538239852356844,True
complete,random_avg,5,2031,100,99.0,0.9898989898989868,0.010101010101013164,10,1000,100.0,0.00876550787997421,0.538804933151444,0.538804933151444,True
complete,geographic,5,2031,100,99.0,0.9898989898989868,0.010101010101013164,9,2015,223.88888888888889,0.007209206431201154,0.538804933151444,0.538804933151444,True
complete,random_avg,6,2032,100,99.0,0.9898989898989868,0.010101010101013164,9,900,100.0,0.00974811644684459,0.587765114557561,0.587765114557561,True
complete,geographic,6,2032,100,99.0,0.9898989898989868,0.010101010101013164,10,2243,224.3,0.006380630783709873,0.587765114557561,0.587765114557561,True
complete,random_avg,7,2033,100,99.0,0.9898989898989868,0.010101010101013164,10,1000,100.0,0.005941609344663701,0.5604564813751,0.5604564813750998,True
complete,geographic,7,2033,100,99.0,0.9898989898989868,0.010101010101013164,9,1984,220.44444444444446,0.008270677548899985,0.5604564813751,0.5604564813750998,True
complete,random_avg,8,2034,100,99.0,0.9898989898989868,0.010101010101013164,10,1000,100.0,0.005847973376057247,0.5259489967244715,0.5259489967244716,True
complete,geographic,8,2034,100,99.0,0.9898989898989868,0.010101010101013164,8,1808,226.0,0.009897256573156099,0.5259489967244715,0.5259489967244716,True
complete,random_avg,9,2035,100,99.0,0.9898989898989868,0.010101010101013164,10,1000,100.0,0.004010698968608173,0.5046162405668891,0.504616240566889,True
complete,geographic,9,2035,100,99.0,0.9898989898989868,0.010101010101013164,11,2514,228.54545454545453,0.004535585445384016,0.5046162405668891,0.504616240566889,True
complete,random_avg,10,2036,100,99.0,0.9898989898989868,0.010101010101013164,10,1000,100.0,0.0071966148156897836,0.48243602825994714,0.48243602825994714,True
complete,geographic,10,2036,100,99.0,0.9898989898989868,0.010101010101013164,9,2002,222.44444444444446,0.008666931199145134,0.48243602825994714,0.48243602825994697,True
complete,random_avg,11,2037,100,99.0,0.9898989898989868,0.010101010101013164,11,1100,100.0,0.0036621755646573106,0.49711909552978617,0.49711909552978634,True
complete,geographic,11,2037,100,99.0,0.9898989898989868,0.010101010101013164,10,2314,231.4,0.004166195789477745,0.49711909552978617,0.4971190955297861,True
complete,random_avg,12,2038,100,99.0,0.9898989898989868,0.010101010101013164,8,800,100.0,0.009313117084676414,0.5139070287378623,0.5139070287378624,True
complete,geographic,12,2038,100,99.0,0.9898989898989868,0.010101010101013164,10,2268,226.8,0.009840829648769644,0.5139070287378623,0.5139070287378623,True
complete,random_avg,13,2039,100,99.0,0.9898989898989868,0.010101010101013164,11,1100,100.0,0.005546553543386401,0.5509073735853501,0.55090737358535,True
complete,geographic,13,2039,100,99.0,0.9898989898989868,0.010101010101013164,10,2298,229.8,0.009935169040686032,0.5509073735853501,0.5509073735853499,True
complete,random_avg,14,2040,100,99.0,0.9898989898989868,0.010101010101013164,10,1000,100.0,0.007334877800332651,0.46835776280265046,0.46835776280265046,True
complete,geographic,14,2040,100,99.0,0.9898989898989868,0.010101010101013164,11,2493,226.63636363636363,0.008529077175012723,0.46835776280265046,0.46835776280265035,True
complete,random_avg,15,2041,100,99.0,0.9898989898989868,0.010101010101013164,9,900,100.0,0.006531504931276189,0.4603551947587782,0.4603551947587781,True
complete,geographic,15,2041,100,99.0,0.9898989898989868,0.010101010101013164,10,2258,225.8,0.005117290451727263,0.4603551947587782,0.4603551947587781,True
complete,random_avg,16,2042,100,99.0,0.9898989898989868,0.010101010101013164,10,1000,100.0,0.007953806682276687,0.49433813550936434,0.4943381355093643,True
complete,geographic,16,2042,100,99.0,0.9898989898989868,0.010101010101013164,11,2507,227.9090909090909,0.006754885487258111,0.49433813550936434,0.4943381355093643,True
complete,random_avg,17,2043,100,99.0,0.9898989898989868,0.010101010101013164,9,900,100.0,0.005466448982597127,0.48527268117940564,0.48527268117940564,True
complete,geographic,17,2043,100,99.0,0.9898989898989868,0.010101010101013164,12,2763,230.25,0.003304710164325486,0.48527268117940564,0.4852726811794057,True
complete,random_avg,18,2044,100,99.0,0.9898989898989868,0.010101010101013164,12,1200,100.0,0.005872072866616396,0.49500133569794724,0.49500133569794724,True
complete,geographic,18,2044,100,99.0,0.9898989898989868,0.010101010101013164,11,2489,226.27272727272728,0.009397002663486531,0.49500133569794724,0.4950013356979472,True
complete,random_avg,19,2045,100,99.0,0.9898989898989868,0.010101010101013164,10,1000,100.0,0.007028870645723273,0.4853974634058493,0.4853974634058493,True
complete,geographic,19,2045,100,99.0,0.9898989898989868,0.010101010101013164,10,2284,228.4,0.007606091545660609,0.4853974634058493,0.48539746340584927,True
complete,random_avg,20,2046,100,99.0,0.9898989898989868,0.010101010101013164,9,900,100.0,0.007081033668821957,0.5001549970944067,0.5001549970944067,True
complete,geographic,20,2046,100,99.0,0.9898989898989868,0.010101010101013164,11,2646,240.54545454545453,0.006982721722198826,0.5001549970944067,0.5001549970944068,True
complete,random_avg,21,2047,100,99.0,0.9898989898989868,0.010101010101013164,9,900,100.0,0.007458753722403344,0.5155160113340778,0.5155160113340778,True
complete,geographic,21,2047,100,99.0,0.9898989898989868,0.010101010101013164,10,2277,227.7,0.006161003691578348,0.5155160113340778,0.5155160113340779,True
complete,random_avg,22,2048,100,99.0,0.9898989898989868,0.010101010101013164,9,900,100.0,0.005400651721159111,0.48419074981012244,0.4841907498101225,True
complete,geographic,22,2048,100,99.0,0.9898989898989868,0.010101010101013164,10,2282,228.2,0.005148345588380121,0.48419074981012244,0.48419074981012256,True
complete,random_avg,23,2049,100,99.0,0.9898989898989868,0.010101010101013164,10,1000,100.0,0.007021438478077013,0.5156424903869067,0.5156424903869068,True
complete,geographic,23,2049,100,99.0,0.9898989898989868,0.010101010101013164,11,2480,225.45454545454547,0.0031174855064801665,0.5156424903869067,0.5156424903869067,True
complete,random_avg,24,2050,100,99.0,0.9898989898989868,0.010101010101013164,11,1100,100.0,0.004507913569604283,0.4870259582544126,0.4870259582544126,True
complete,geographic,24,2050,100,99.0,0.9898989898989868,0.010101010101013164,10,2247,224.7,0.0060138165689105905,0.4870259582544126,0.48702595825441264,True
complete,random_avg,25,2051,100,99.0,0.9898989898989868,0.010101010101013164,9,900,100.0,0.00919905824585776,0.4627115414867089,0.4627115414867088,True
complete,geographic,25,2051,100,99.0,0.9898989898989868,0.010101010101013164,12,2726,227.16666666666666,0.006492929661859104,0.4627115414867089,0.46271154148670895,True
complete,random_avg,26,2052,100,99.0,0.9898989898989868,0.010101010101013164,9,900,100.0,0.007319277376129918,0.4751293878559514,0.4751293878559513,True
complete,geographic,26,2052,100,99.0,0.9898989898989868,0.010101010101013164,11,2507,227.9090909090909,0.008778859462051813,0.4751293878559514,0.4751293878559514,True
complete,random_avg,27,2053,100,99.0,0.9898989898989868,0.010101010101013164,9,900,100.0,0.009181596138966241,0.4848315528947395,0.4848315528947394,True
complete,geographic,27,2053,100,99.0,0.9898989898989868,0.010101010101013164,10,2285,228.5,0.005417589924030353,0.4848315528947395,0.4848315528947395,True
complete,random_avg,28,2054,100,99.0,0.9898989898989868,0.010101010101013164,10,1000,100.0,0.006926118809502613,0.4865917185532757,0.48659171855327565,True
complete,geographic,28,2054,100,99.0,0.9898989898989868,0.010101010101013164,9,2065,229.44444444444446,0.009299923130534016,0.4865917185532757,0.48659171855327565,True
complete,random_avg,29,2055,100,99.0,0.9898989898989868,0.010101010101013164,9,900,100.0,0.009245471866677013,0.526028452281669,0.526028452281669,True
complete,geographic,29,2055,100,99.0,0.9898989898989868,0.010101010101013164,9,1972,219.11111111111111,0.00694902796316077,0.526028452281669,0.5260284522816688,True
complete,random_avg,30,2056,100,99.0,0.9898989898989868,0.010101010101013164,9,900,100.0,0.007565101249706663,0.479334046066499,0.47933404606649893,True
complete,geographic,30,2056,100,99.0,0.9898989898989868,0.010101010101013164,10,2243,224.3,0.006387321704511062,0.479334046066499,0.4793340460664987,True
complete,random_avg,31,2057,100,99.0,0.9898989898989868,0.010101010101013164,11,1100,100.0,0.002560148157091713,0.5362874691446505,0.5362874691446504,True
complete,geographic,31,2057,100,99.0,0.9898989898989868,0.010101010101013164,11,2505,227.72727272727272,0.002327572680600576,0.5362874691446505,0.5362874691446504,True
complete,random_avg,32,2058,100,99.0,0.9898989898989868,0.010101010101013164,12,1200,100.0,0.0029802250470192804,0.48268846114412695,0.48268846114412706,True
complete,geographic,32,2058,100,99.0,0.9898989898989868,0.010101010101013164,9,2023,224.77777777777777,0.009851257200685748,0.48268846114412695,0.48268846114412695,True
complete,random_avg,33,2059,100,99.0,0.9898989898989868,0.010101010101013164,9,900,100.0,0.00920254746265542,0.4747348127452307,0.4747348127452307,True
complete,geographic,33,2059,100,99.0,0.9898989898989868,0.010101010101013164,12,2740,228.33333333333334,0.006377839248143002,0.4747348127452307,0.4747348127452307,True
complete,random_avg,34,2060,100,99.0,0.9898989898989868,0.010101010101013164,10,1000,100.0,0.0084954010008354,0.4789719953430185,0.47897199534301843,True
complete,geographic,34,2060,100,99.0,0.9898989898989868,0.010101010101013164,9,2058,228.66666666666666,0.0077845803651636625,0.4789719953430185,0.4789719953430185,True
complete,random_avg,35,2061,100,99.0,0.9898989898989868,0.010101010101013164,9,900,100.0,0.0073873781145719075,0.5272304866113173,0.5272304866113173,True
complete,geographic,35,2061,100,99.0,0.9898989898989868,0.010101010101013164,9,2011,223.44444444444446,0.007191859179353388,0.5272304866113173,0.5272304866113173,True
complete,random_avg,36,2062,100,99.0,0.9898989898989868,0.010101010101013164,10,1000,100.0,0.007435863904344364,0.5028645463085877,0.5028645463085877,True
complete,geographic,36,2062,100,99.0,0.9898989898989868,0.010101010101013164,11,2457,223.36363636363637,0.006371443574987534,0.5028645463085877,0.5028645463085877,True
complete,random_avg,37,2063,100,99.0,0.9898989898989868,0.010101010101013164,9,900,100.0,0.006591668418455376,0.5303694339777513,0.5303694339777512,True
complete,geographic,37,2063,100,99.0,0.9898989898989868,0.010101010101013164,10,2248,224.8,0.006518788934338771,0.5303694339777513,0.5303694339777512,True
complete,random_avg,38,2064,100,99.0,0.9898989898989868,0.010101010101013164,10,1000,100.0,0.008997769773095743,0.5209757337534097,0.5209757337534098,True
complete,geographic,38,2064,100,99.0,0.9898989898989868,0.010101010101013164,8,1831,228.875,0.007992033702049262,0.5209757337534097,0.5209757337534097,True
complete,random_avg,39,2065,100,99.0,0.9898989898989868,0.010101010101013164,10,1000,100.0,0.007830876740478221,0.4568328770771293,0.4568328770771293,True
complete,geographic,39,2065,100,99.0,0.9898989898989868,0.010101010101013164,9,2033,225.88888888888889,0.009927099832011566,0.4568328770771293,0.4568328770771293,True
complete,random_avg,40,2066,100,99.0,0.9898989898989868,0.010101010101013164,10,1000,100.0,0.005754580783766339,0.546606624052517,0.5466066240525169,True
complete,geographic,40,2066,100,99.0,0.9898989898989868,0.010101010101013164,10,2253,225.3,0.005722649696375481,0.546606624052517,0.546606624052517,True
complete,random_avg,41,2067,100,99.0,0.9898989898989868,0.010101010101013164,9,900,100.0,0.009692173573660479,0.4908013819186495,0.49080138191864964,True
complete,geographic,41,2067,100,99.0,0.9898989898989868,0.010101010101013164,10,2314,231.4,0.009261329618076797,0.4908013819186495,0.49080138191864947,True
complete,random_avg,42,2068,100,99.0,0.9898989898989868,0.010101010101013164,11,1100,100.0,0.004603310926677429,0.526793494020201,0.526793494020201,True
complete,geographic,42,2068,100,99.0,0.9898989898989868,0.010101010101013164,10,2277,227.7,0.009028527781277274,0.526793494020201,0.5267934940202009,True
complete,random_avg,43,2069,100,99.0,0.9898989898989868,0.010101010101013164,10,1000,100.0,0.006328735305836886,0.4867616238742222,0.48676162387422217,True
complete,geographic,43,2069,100,99.0,0.9898989898989868,0.010101010101013164,13,2904,223.3846153846154,0.006166159442332009,0.4867616238742222,0.4867616238742223,True
complete,random_avg,44,2070,100,99.0,0.9898989898989868,0.010101010101013164,10,1000,100.0,0.005607938220006381,0.5629899148806315,0.5629899148806317,True
complete,geographic,44,2070,100,99.0,0.9898989898989868,0.010101010101013164,9,2036,226.22222222222223,0.00784987299954476,0.5629899148806315,0.5629899148806317,True
complete,random_avg,45,2071,100,99.0,0.9898989898989868,0.010101010101013164,10,1000,100.0,0.006391945719042336,0.5178307405018273,0.5178307405018273,True
complete,geographic,45,2071,100,99.0,0.9898989898989868,0.010101010101013164,9,2039,226.55555555555554,0.00887379092494145,0.5178307405018273,0.5178307405018273,True
complete,random_avg,46,2072,100,99.0,0.9898989898989868,0.010101010101013164,11,1100,100.0,0.008127660402776293,0.4840660447991442,0.4840660447991443,True
complete,geographic,46,2072,100,99.0,0.9898989898989868,0.010101010101013164,9,1968,218.66666666666666,0.009659639169866896,0.4840660447991442,0.4840660447991443,True
complete,random_avg,47,2073,100,99.0,0.9898989898989868,0.010101010101013164,12,1200,100.0,0.005278294520671245,0.48076574613812256,0.4807657461381225,True
complete,geographic,47,2073,100,99.0,0.9898989898989868,0.010101010101013164,10,2212,221.2,0.005841360940401552,0.48076574613812256,0.4807657461381226,True
complete,random_avg,48,2074,100,99.0,0.9898989898989868,0.010101010101013164,9,900,100.0,0.009778385880104823,0.5279112946917298,0.5279112946917299,True
complete,geographic,48,2074,100,99.0,0.9898989898989868,0.010101010101013164,11,2447,222.45454545454547,0.005432676081162713,0.5279112946917298,0.5279112946917298,True
complete,random_avg,49,2075,100,99.0,0.9898989898989868,0.010101010101013164,10,1000,100.0,0.0060433671785586895,0.5415862311446336,0.5415862311446336,True
complete,geographic,49,2075,100,99.0,0.9898989898989868,0.010101010101013164,11,2481,225.54545454545453,0.006388412606902705,0.5415862311446336,0.5415862311446336,True
random_p02,random_avg,0,12026,100,19.7,0.9944626080680943,0.005537391931905722,11,1100,100.0,0.007802299071828389,0.483896523812846,0.48389652381284604,True
random_p02,geographic,0,12026,100,19.7,0.9944626080680943,0.005537391931905722,11,3375,306.8181818181818,0.0076078714087296495,0.483896523812846,0.48389652381284604,True
random_p02,random_avg,1,12027,100,19.44,0.9940728554615381,0.0059271445384618815,11,1100,100.0,0.005811308904238088,0.5348282260795542,0.5348282260795539,True
random_p02,geographic,1,12027,100,19.44,0.9940728554615381,0.0059271445384618815,11,3294,299.45454545454544,0.006987681053505224,0.5348282260795542,0.534828226079554,True
random_p02,random_avg,2,12028,100,19.72,0.9943291954870979,0.005670804512902139,11,1100,100.0,0.0067069045206645805,0.572170067115021,0.572170067115021,True
random_p02,geographic,2,12028,100,19.72,0.9943291954870979,0.005670804512902139,9,2654,294.8888888888889,0.008084823458669788,0.572170067115021,0.572170067115021,True
random_p02,random_avg,3,12029,100,19.98,0.9943724128557678,0.005627587144232171,11,1100,100.0,0.008218417167703107,0.5568790335313116,0.5568790335313116,True
random_p02,geographic,3,12029,100,19.98,0.9943724128557678,0.005627587144232171,9,2651,294.55555555555554,0.009235025106949069,0.5568790335313116,0.5568790335313117,True
random_p02,random_avg,4,12030,100,19.42,0.9943571704116486,0.0056428295883513835,10,1000,100.0,0.006232096766799589,0.5116755794327698,0.5116755794327698,True
random_p02,geographic,4,12030,100,19.42,0.9943571704116486,0.0056428295883513835,11,3211,291.90909090909093,0.004949313159713253,0.5116755794327698,0.5116755794327699,True
random_p02,random_avg,5,12031,100,20.26,0.994259716516901,0.005740283483098962,11,1100,100.0,0.006003868457676087,0.5486221815459791,0.548622181545979,True
random_p02,geographic,5,12031,100,20.26,0.994259716516901,0.005740283483098962,11,3318,301.6363636363636,0.007128572879560924,0.5486221815459791,0.5486221815459791,True
random_p02,random_avg,6,12032,100,19.28,0.994304697917707,0.005695302082292963,10,1000,100.0,0.009536693016785502,0.5229827455894245,0.5229827455894245,True
random_p02,geographic,6,12032,100,19.28,0.994304697917707,0.005695302082292963,11,2993,272.09090909090907,0.007316714329359653,0.5229827455894245,0.5229827455894245,True
random_p02,random_avg,7,12033,100,19.5,0.9942700592486371,0.005729940751362905,9,900,100.0,0.00789164046729457,0.4909094689643005,0.4909094689643005,True
random_p02,geographic,7,12033,100,19.5,0.9942700592486371,0.005729940751362905,10,3200,320.0,0.005266616713362093,0.4909094689643005,0.4909094689643005,True
random_p02,random_avg,8,12034,100,19.38,0.99453524349931,0.0054647565006900045,10,1000,100.0,0.007535651282173705,0.485952386822303,0.485952386822303,True
random_p02,geographic,8,12034,100,19.38,0.99453524349931,0.0054647565006900045,11,3261,296.45454545454544,0.0065867272860206105,0.485952386822303,0.4859523868223029,True
random_p02,random_avg,9,12035,100,19.74,0.9945125921531794,0.005487407846820558,13,1300,100.0,0.0037317499247757624,0.5027520796565672,0.5027520796565672,True
random_p02,geographic,9,12035,100,19.74,0.9945125921531794,0.005487407846820558,10,2905,290.5,0.00924577645413438,0.5027520796565672,0.5027520796565672,True
random_p02,random_avg,10,12036,100,18.52,0.9945158675020687,0.005484132497931338,11,1100,100.0,0.008610578189984563,0.5439516961901752,0.5439516961901752,True
random_p02,geographic,10,12036,100,18.52,0.9945158675020687,0.005484132497931338,11,3418,310.72727272727275,0.005445765054499341,0.5439516961901752,0.5439516961901751,True
random_p02,random_avg,11,12037,100,19.56,0.9944167882659141,0.0055832117340859355,11,1100,100.0,0.007526750242207614,0.5287709970052034,0.5287709970052034,True
random_p02,geographic,11,12037,100,19.56,0.9944167882659141,0.0055832117340859355,10,3035,303.5,0.009143859115142705,0.5287709970052034,0.5287709970052034,True
random_p02,random_avg,12,12038,100,19.4,0.9943033769381365,0.0056966230618634706,10,1000,100.0,0.00643272000627082,0.4510471332975055,0.4510471332975056,True
random_p02,geographic,12,12038,100,19.4,0.9943033769381365,0.0056966230618634706,10,3266,326.6,0.008897371730091197,0.4510471332975055,0.4510471332975057,True
random_p02,random_avg,13,12039,100,20.6,0.99393047884088,0.006069521159119962,10,1000,100.0,0.006734563153725781,0.4883368141836797,0.4883368141836797,True
random_p02,geographic,13,12039,100,20.6,0.99393047884088,0.006069521159119962,12,3749,312.4166666666667,0.002594474458140872,0.4883368141836797,0.48833681418367975,True
random_p02,random_avg,14,12040,100,20.16,0.9941335570895128,0.005866442910487213,10,1000,100.0,0.008956751271328,0.4576906649679954,0.4576906649679955,True
random_p02,geographic,14,12040,100,20.16,0.9941335570895128,0.005866442910487213,11,3119,283.54545454545456,0.0061427891186944805,0.4576906649679954,0.4576906649679953,True
random_p02,random_avg,15,12041,100,19.58,0.9947340312701904,0.005265968729809556,10,1000,100.0,0.008691485439259461,0.5022429422802633,0.5022429422802634,True
random_p02,geographic,15,12041,100,19.58,0.9947340312701904,0.005265968729809556,11,3289,299.0,0.007960709965018964,0.5022429422802633,0.5022429422802634,True
random_p02,random_avg,16,12042,100,18.84,0.9949803888450102,0.005019611154989834,11,1100,100.0,0.006496195197908339,0.4742911769779369,0.4742911769779369,True
random_p02,geographic,16,12042,100,18.84,0.9949803888450102,0.005019611154989834,9,2791,310.1111111111111,0.009156081717856313,0.4742911769779369,0.47429117697793693,True
random_p02,random_avg,17,12043,100,21.02,0.9939552425365211,0.006044757463478878,10,1000,100.0,0.008488526306916766,0.5386747921895256,0.5386747921895256,True
random_p02,geographic,17,12043,100,21.02,0.9939552425365211,0.006044757463478878,10,3038,303.8,0.006456750157346702,0.5386747921895256,0.5386747921895256,True
random_p02,random_avg,18,12044,100,19.5,0.9945545995696943,0.005445400430305725,10,1000,100.0,0.008051872778136349,0.5028073623720081,0.5028073623720081,True
random_p02,geographic,18,12044,100,19.5,0.9945545995696943,0.005445400430305725,13,3749,288.38461538461536,0.006185660614301258,0.5028073623720081,0.502807362372008,True
random_p02,random_avg,19,12045,100,19.84,0.9943668822178706,0.005633117782129382,10,1000,100.0,0.006417117541398176,0.5028855498900902,0.5028855498900902,True
random_p02,geographic,19,12045,100,19.84,0.9943668822178706,0.005633117782129382,12,3394,282.8333333333333,0.0056841883292989,0.5028855498900902,0.50288554989009,True
random_p02,random_avg,20,12046,100,19.38,0.9948128291451328,0.005187170854867196,10,1000,100.0,0.007588126992951805,0.4587248981234479,0.4587248981234479,True
random_p02,geographic,20,12046,100,19.38,0.9948128291451328,0.005187170854867196,10,2989,298.9,0.00955200723305294,0.4587248981234479,0.45872489812344797,True
random_p02,random_avg,21,12047,100,20.02,0.9941087732388699,0.005891226761130075,11,1100,100.0,0.00708153464729544,0.48947933037628166,0.4894793303762818,True
random_p02,geographic,21,12047,100,20.02,0.9941087732388699,0.005891226761130075,10,2770,277.0,0.006856326488825282,0.48947933037628166,0.4894793303762818,True
random_p02,random_avg,22,12048,100,18.7,0.9945306636541444,0.005469336345855558,10,1000,100.0,0.006107536322991214,0.5265110178458241,0.5265110178458243,True
random_p02,geographic,22,12048,100,18.7,0.9945306636541444,0.005469336345855558,11,3132,284.72727272727275,0.008370832824525776,0.5265110178458241,0.5265110178458243,True
random_p02,random_avg,23,12049,100,20.76,0.9942253887974248,0.005774611202575164,10,1000,100.0,0.005997427910694242,0.4868110700992713,0.4868110700992713,True
random_p02,geographic,23,12049,100,20.76,0.9942253887974248,0.005774611202575164,11,3425,311.3636363636364,0.00398984162150684,0.4868110700992713,0.48681107009927127,True
random_p02,random_avg,24,12050,100,19.72,0.9943189957957487,0.005681004204251328,11,1100,100.0,0.0056720673876201055,0.4539557656892334,0.4539557656892333,True
random_p02,geographic,24,12050,100,19.72,0.9943189957957487,0.005681004204251328,10,3058,305.8,0.008669189616865969,0.4539557656892334,0.45395576568923346,True
random_p02,random_avg,25,12051,100,19.16,0.9945667676511021,0.005433232348897921,9,900,100.0,0.008670722060517888,0.5333317135210034,0.5333317135210035,True
random_p02,geographic,25,12051,100,19.16,0.9945667676511021,0.005433232348897921,10,3033,303.3,0.00785683999587694,0.5333317135210034,0.5333317135210036,True
random_p02,random_avg,26,12052,100,20.0,0.9941492787318059,0.005850721268194081,10,1000,100.0,0.009073262913039726,0.498721077012462,0.4987210770124619,True
random_p02,geographic,26,12052,100,20.0,0.9941492787318059,0.005850721268194081,10,2959,295.9,0.007908594475203146,0.498721077012462,0.49872107701246177,True
random_p02,random_avg,27,12053,100,19.84,0.9945375835239664,0.005462416476033627,9,900,100.0,0.009507092631962033,0.47296254059024506,0.47296254059024506,True
random_p02,geographic,27,12053,100,19.84,0.9945375835239664,0.005462416476033627,12,3645,303.75,0.005282598672753214,0.47296254059024506,0.4729625405902452,True
random_p02,random_avg,28,12054,100,19.4,0.9943668632018239,0.005633136798176119,10,1000,100.0,0.00859368780751435,0.505183171379936,0.505183171379936,True
random_p02,geographic,28,12054,100,19.4,0.9943668632018239,0.005633136798176119,10,2924,292.4,0.008009911683469817,0.505183171379936,0.505183171379936,True
random_p02,random_avg,29,12055,100,19.84,0.9941903732933488,0.005809626706651194,10,1000,100.0,0.005280362827869534,0.43624334422971667,0.4362433442297167,True
random_p02,geographic,29,12055,100,19.84,0.9941903732933488,0.005809626706651194,9,2589,287.6666666666667,0.008246109222827758,0.43624334422971667,0.4362433442297167,True
random_p02,random_avg,30,12056,100,20.1,0.9943065536210905,0.00569344637890945,10,1000,100.0,0.00498983439108891,0.5360781052766196,0.5360781052766196,True
random_p02,geographic,30,12056,100,20.1,0.9943065536210905,0.00569344637890945,11,3345,304.09090909090907,0.007469632882742383,0.5360781052766196,0.5360781052766196,True
random_p02,random_avg,31,12057,100,19.84,0.9941017951624292,0.005898204837570753,11,1100,100.0,0.004960451664715704,0.526064123841122,0.526064123841122,True
random_p02,geographic,31,12057,100,19.84,0.9941017951624292,0.005898204837570753,12,3641,303.4166666666667,0.006293597067761225,0.526064123841122,0.526064123841122,True
random_p02,random_avg,32,12058,100,20.7,0.9943635177772242,0.005636482222775796,10,1000,100.0,0.007212799138977322,0.5164607004050124,0.5164607004050122,True
random_p02,geographic,32,12058,100,20.7,0.9943635177772242,0.005636482222775796,12,3619,301.5833333333333,0.006032726967082791,0.5164607004050124,0.5164607004050122,True
random_p02,random_avg,33,12059,100,19.52,0.9944276298848472,0.005572370115152769,10,1000,100.0,0.006965265350222349,0.5520235424949389,0.5520235424949389,True
random_p02,geographic,33,12059,100,19.52,0.9944276298848472,0.005572370115152769,10,3113,311.3,0.009530835209611288,0.5520235424949389,0.5520235424949389,True
random_p02,random_avg,34,12060,100,20.46,0.9943576051363961,0.00564239486360385,11,1100,100.0,0.009355456587689992,0.529630921204849,0.5296309212048489,True
random_p02,geographic,34,12060,100,20.46,0.9943576051363961,0.00564239486360385,14,4161,297.2142857142857,0.009947587287759352,0.529630921204849,0.529630921204849,True
random_p02,random_avg,35,12061,100,21.62,0.9940730765508958,0.005926923449104171,9,900,100.0,0.008456985329068356,0.4715895231068031,0.4715895231068031,True
random_p02,geographic,35,12061,100,21.62,0.9940730765508958,0.005926923449104171,9,2783,309.22222222222223,0.008298301508540773,0.4715895231068031,0.4715895231068031,True
random_p02,random_avg,36,12062,100,18.9,0.994343053536481,0.005656946463518997,12,1200,100.0,0.006811682085481774,0.42649664274828736,0.42649664274828736,True
random_p02,geographic,36,12062,100,18.9,0.994343053536481,0.005656946463518997,10,2926,292.6,0.009705791370649308,0.42649664274828736,0.4264966427482875,True
random_p02,random_avg,37,12063,100,19.76,0.9942373881253261,0.005762611874673862,10,1000,100.0,0.008674399623842977,0.5285244282903926,0.5285244282903927,True
random_p02,geographic,37,12063,100,19.76,0.9942373881253261,0.005762611874673862,12,3798,316.5,0.007369727524773828,0.5285244282903926,0.5285244282903926,True
random_p02,random_avg,38,12064,100,19.56,0.9944100830478567,0.005589916952143281,10,1000,100.0,0.007645948739790187,0.5116840221770294,0.5116840221770295,True
random_p02,geographic,38,12064,100,19.56,0.9944100830478567,0.005589916952143281,9,2785,309.44444444444446,0.006205791331823529,0.5116840221770294,0.5116840221770292,True
random_p02,random_avg,39,12065,100,19.76,0.9940603500802385,0.0059396499197614805,10,1000,100.0,0.007209234768432937,0.5161688535760041,0.5161688535760041,True
random_p02,geographic,39,12065,100,19.76,0.9940603500802385,0.0059396499197614805,10,3084,308.4,0.009615671628263378,0.5161688535760041,0.5161688535760041,True
random_p02,random_avg,40,12066,100,20.1,0.9944800337574583,0.005519966242541696,11,1100,100.0,0.006220451837225083,0.5118109621566798,0.5118109621566798,True
random_p02,geographic,40,12066,100,20.1,0.9944800337574583,0.005519966242541696,10,3013,301.3,0.009193015953304018,0.5118109621566798,0.5118109621566799,True
random_p02,random_avg,41,12067,100,18.86,0.9946838712428451,0.005316128757154925,11,1100,100.0,0.006185274524826312,0.5183590792907069,0.5183590792907069,True
random_p02,geographic,41,12067,100,18.86,0.9946838712428451,0.005316128757154925,10,2927,292.7,0.008570452436221565,0.5183590792907069,0.5183590792907069,True
random_p02,random_avg,42,12068,100,19.06,0.9942619261408768,0.005738073859123172,10,1000,100.0,0.0070622285671954055,0.5292281568368256,0.5292281568368257,True
random_p02,geographic,42,12068,100,19.06,0.9942619261408768,0.005738073859123172,9,2764,307.1111111111111,0.008024310425641668,0.5292281568368256,0.5292281568368257,True
random_p02,random_avg,43,12069,100,20.48,0.9943953325541246,0.0056046674458754,11,1100,100.0,0.008130837439695837,0.46601296326232394,0.466012963262324,True
random_p02,geographic,43,12069,100,20.48,0.9943953325541246,0.0056046674458754,10,2894,289.4,0.008149894731769247,0.46601296326232394,0.4660129632623239,True
random_p02,random_avg,44,12070,100,20.62,0.9945240609075058,0.00547593909249422,10,1000,100.0,0.009893448626127732,0.5101396387898794,0.5101396387898794,True
random_p02,geographic,44,12070,100,20.62,0.9945240609075058,0.00547593909249422,9,2431,270.1111111111111,0.007439351643640735,0.5101396387898794,0.5101396387898794,True
random_p02,random_avg,45,12071,100,19.46,0.9943908656065813,0.005609134393418702,10,1000,100.0,0.007357913132214344,0.5615624858570123,0.5615624858570122,True
random_p02,geographic,45,12071,100,19.46,0.9943908656065813,0.005609134393418702,9,2710,301.1111111111111,0.00897341967922316,0.5615624858570123,0.5615624858570123,True
random_p02,random_avg,46,12072,100,19.28,0.9942591908722271,0.005740809127772861,11,1100,100.0,0.006266539913297509,0.5013287326961875,0.5013287326961874,True
random_p02,geographic,46,12072,100,19.28,0.9942591908722271,0.005740809127772861,10,3066,306.6,0.008617723385603127,0.5013287326961875,0.5013287326961874,True
random_p02,random_avg,47,12073,100,19.96,0.9941716769827107,0.005828323017289305,9,900,100.0,0.008754497790710136,0.47036502694035187,0.470365026940352,True
random_p02,geographic,47,12073,100,19.96,0.9941716769827107,0.005828323017289305,10,3177,317.7,0.006304338855749159,0.47036502694035187,0.470365026940352,True
random_p02,random_avg,48,12074,100,21.0,0.9941671728765539,0.005832827123446127,11,1100,100.0,0.006916161196342641,0.5417051685992282,0.5417051685992285,True
random_p02,geographic,48,12074,100,21.0,0.9941671728765539,0.005832827123446127,12,3765,313.75,0.004725747933260971,0.5417051685992282,0.5417051685992285,True
random_p02,random_avg,49,12075,100,20.14,0.9944518650845238,0.005548134915476233,10,1000,100.0,0.0073159189688419834,0.5026850854765076,0.5026850854765076,True
random_p02,geographic,49,12075,100,20.14,0.9944518650845238,0.005548134915476233,12,3720,310.0,0.005545062526773115,0.5026850854765076,0.5026850854765077,True
ring,random_avg,0,22026,100,2.0,0.9999802672842835,1.973271571653612e-05,677,67700,100.0,0.009997002957336076,0.5000352331623715,0.5000352331623716,True
ring,geographic,0,22026,100,2.0,0.9999802672842835,1.973271571653612e-05,9,46962,5218.0,0.006812942521395859,0.5000352331623715,0.5000352331623715,True
ring,random_avg,1,22027,100,2.0,0.9999802672842835,1.973271571653612e-05,1060,106000,100.0,0.00998314194496519,0.44489627378260266,0.4448962737826029,True
ring,geographic,1,22027,100,2.0,0.9999802672842835,1.973271571653612e-05,14,73980,5284.285714285715,0.005692875994399826,0.44489627378260266,0.4448962737826027,True
ring,random_avg,2,22028,100,2.0,0.9999802672842835,1.973271571653612e-05,1029,102900,100.0,0.009993097905451054,0.493578280830742,0.493578280830742,True
ring,geographic,2,22028,100,2.0,0.9999802672842835,1.973271571653612e-05,10,52440,5244.0,0.00705969288513536,0.493578280830742,0.493578280830742,True
ring,random_avg,3,22029,100,2.0,0.9999802672842835,1.973271571653612e-05,547,54700,100.0,0.009946804101832574,0.5235015743891117,0.5235015743891118,True
ring,geographic,3,22029,100,2.0,0.9999802672842835,1.973271571653612e-05,9,46940,5215.555555555556,0.00897771356770971,0.5235015743891117,0.5235015743891117,True
ring,random_avg,4,22030,100,2.0,0.9999802672842835,1.973271571653612e-05,715,71500,100.0,0.009976249472753107,0.5349780486287924,0.5349780486287924,True
ring,geographic,4,22030,100,2.0,0.9999802672842835,1.973271571653612e-05,10,52560,5256.0,0.005460939158571265,0.5349780486287924,0.5349780486287924,True
ring,random_avg,5,22031,100,2.0,0.9999802672842835,1.973271571653612e-05,678,67800,100.0,0.00996570696262089,0.4812543094573782,0.48125430945737835,True
ring,geographic,5,22031,100,2.0,0.9999802672842835,1.973271571653612e-05,10,52273,5227.3,0.006091255881323865,0.4812543094573782,0.4812543094573782,True
ring,random_avg,6,22032,100,2.0,0.9999802672842835,1.973271571653612e-05,803,80300,100.0,0.00998917425739032,0.49397496712633326,0.49397496712633326,True
ring,geographic,6,22032,100,2.0,0.9999802672842835,1.973271571653612e-05,9,46447,5160.777777777777,0.006061198690096692,0.49397496712633326,0.49397496712633343,True
ring,random_avg,7,22033,100,2.0,0.9999802672842835,1.973271571653612e-05,1156,115600,100.0,0.009997709158173163,0.4770371634624137,0.4770371634624135,True
ring,geographic,7,22033,100,2.0,0.9999802672842835,1.973271571653612e-05,10,51799,5179.9,0.005359809930572057,0.4770371634624137,0.47703716346241365,True
ring,random_avg,8,22034,100,2.0,0.9999802672842835,1.973271571653612e-05,949,94900,100.0,0.009997634902566443,0.5360631014133912,0.5360631014133914,True
ring,geographic,8,22034,100,2.0,0.9999802672842835,1.973271571653612e-05,9,47852,5316.888888888889,0.009348061418341769,0.5360631014133912,0.5360631014133912,True
ring,random_avg,9,22035,100,2.0,0.9999802672842835,1.973271571653612e-05,764,76400,100.0,0.009996301920178585,0.44936817887626085,0.44936817887626085,True
ring,geographic,9,22035,100,2.0,0.9999802672842835,1.973271571653612e-05,11,56253,5113.909090909091,0.005130942332095767,0.44936817887626085,0.4493681788762608,True
ring,random_avg,10,22036,100,2.0,0.9999802672842835,1.973271571653612e-05,895,89500,100.0,0.009982297479599556,0.4703641319187766,0.4703641319187768,True
ring,geographic,10,22036,100,2.0,0.9999802672842835,1.973271571653612e-05,10,53274,5327.4,0.006476207503151699,0.4703641319187766,0.4703641319187766,True
ring,random_avg,11,22037,100,2.0,0.9999802672842835,1.973271571653612e-05,1114,111400,100.0,0.00999365441120631,0.49574913099988377,0.4957491309998837,True
ring,geographic,11,22037,100,2.0,0.9999802672842835,1.973271571653612e-05,11,55146,5013.272727272727,0.006284532763037698,0.49574913099988377,0.4957491309998837,True
ring,random_avg,12,22038,100,2.0,0.9999802672842835,1.973271571653612e-05,329,32900,100.0,0.009965859376449893,0.49979719524749866,0.49979719524749866,True
ring,geographic,12,22038,100,2.0,0.9999802672842835,1.973271571653612e-05,9,48623,5402.555555555556,0.008391958206722228,0.49979719524749866,0.49979719524749866,True
ring,random_avg,13,22039,100,2.0,0.9999802672842835,1.973271571653612e-05,658,65800,100.0,0.009989828119808641,0.5430385737361145,0.5430385737361149,True
ring,geographic,13,22039,100,2.0,0.9999802672842835,1.973271571653612e-05,10,52127,5212.7,0.00692985753664721,0.5430385737361145,0.5430385737361145,True
ring,random_avg,14,22040,100,2.0,0.9999802672842835,1.973271571653612e-05,594,59400,100.0,0.009990444059160719,0.47085957188449645,0.4708595718844964,True
ring,geographic,14,22040,100,2.0,0.9999802672842835,1.973271571653612e-05,11,56495,5135.909090909091,0.00406558817238023,0.47085957188449645,0.4708595718844964,True
ring,random_avg,15,22041,100,2.0,0.9999802672842835,1.973271571653612e-05,1249,124900,100.0,0.00999730520515496,0.5207204849523855,0.5207204849523851,True
ring,geographic,15,22041,100,2.0,0.9999802672842835,1.973271571653612e-05,9,47327,5258.555555555556,0.007086525981918501,0.5207204849523855,0.5207204849523855,True
ring,random_avg,16,22042,100,2.0,0.9999802672842835,1.973271571653612e-05,647,64700,100.0,0.009995629351650881,0.5363122278605851,0.5363122278605852,True
ring,geographic,16,22042,100,2.0,0.9999802672842835,1.973271571653612e-05,10,51768,5176.8,0.005857528360874276,0.5363122278605851,0.536312227860585,True
ring,random_avg,17,22043,100,2.0,0.9999802672842835,1.973271571653612e-05,558,55800,100.0,0.009997698583574466,0.5344094696768381,0.5344094696768377,True
ring,geographic,17,22043,100,2.0,0.9999802672842835,1.973271571653612e-05,10,53106,5310.6,0.004687340797602468,0.5344094696768381,0.534409469676838,True
ring,random_avg,18,22044,100,2.0,0.9999802672842835,1.973271571653612e-05,960,96000,100.0,0.009995219244379627,0.5073236658211324,0.5073236658211324,True
ring,geographic,18,22044,100,2.0,0.9999802672842835,1.973271571653612e-05,10,53432,5343.2,0.007372213611739564,0.5073236658211324,0.5073236658211323,True
ring,random_avg,19,22045,100,2.0,0.9999802672842835,1.973271571653612e-05,443,44300,100.0,0.00993837351429483,0.532861849224552,0.532861849224552,True
ring,geographic,19,22045,100,2.0,0.9999802672842835,1.973271571653612e-05,9,46782,5198.0,0.008362019332374793,0.532861849224552,0.5328618492245519,True
ring,random_avg,20,22046,100,2.0,0.9999802672842835,1.973271571653612e-05,731,73100,100.0,0.009989742987908334,0.5487823565373826,0.5487823565373828,True
ring,geographic,20,22046,100,2.0,0.9999802672842835,1.973271571653612e-05,9,47408,5267.555555555556,0.008806908620796583,0.5487823565373826,0.5487823565373826,True
ring,random_avg,21,22047,100,2.0,0.9999802672842835,1.973271571653612e-05,1277,127700,100.0,0.009974813900726298,0.4676117704401171,0.467611770440117,True
ring,geographic,21,22047,100,2.0,0.9999802672842835,1.973271571653612e-05,9,47296,5255.111111111111,0.005772313813764474,0.4676117704401171,0.4676117704401171,True
ring,random_avg,22,22048,100,2.0,0.9999802672842835,1.973271571653612e-05,1164,116400,100.0,0.009982694106116907,0.4890537855282318,0.4890537855282318,True
ring,geographic,22,22048,100,2.0,0.9999802672842835,1.973271571653612e-05,10,53099,5309.9,0.008114176358053837,0.4890537855282318,0.48905378552823164,True
ring,random_avg,23,22049,100,2.0,0.9999802672842835,1.973271571653612e-05,881,88100,100.0,0.009993694312528278,0.49672354755645687,0.49672354755645676,True
ring,geographic,23,22049,100,2.0,0.9999802672842835,1.973271571653612e-05,12,63597,5299.75,0.00845928746224589,0.49672354755645687,0.4967235475564569,True
ring,random_avg,24,22050,100,2.0,0.9999802672842835,1.973271571653612e-05,948,94800,100.0,0.009997598132154617,0.5172195224769599,0.5172195224769599,True
ring,geographic,24,22050,100,2.0,0.9999802672842835,1.973271571653612e-05,9,48305,5367.222222222223,0.009660554899733387,0.5172195224769599,0.5172195224769599,True
ring,random_avg,25,22051,100,2.0,0.9999802672842835,1.973271571653612e-05,1007,100700,100.0,0.009984582520676355,0.5030271722213899,0.5030271722213899,True
ring,geographic,25,22051,100,2.0,0.9999802672842835,1.973271571653612e-05,9,46846,5205.111111111111,0.007699500701183526,0.5030271722213899,0.5030271722213899,True
ring,random_avg,26,22052,100,2.0,0.9999802672842835,1.973271571653612e-05,586,58600,100.0,0.009957240287573221,0.42810906598863513,0.42810906598863513,True
ring,geographic,26,22052,100,2.0,0.9999802672842835,1.973271571653612e-05,10,51980,5198.0,0.005537923015969171,0.42810906598863513,0.42810906598863513,True
ring,random_avg,27,22053,100,2.0,0.9999802672842835,1.973271571653612e-05,702,70200,100.0,0.009928868242248978,0.4702988391443556,0.4702988391443558,True
ring,geographic,27,22053,100,2.0,0.9999802672842835,1.973271571653612e-05,10,52884,5288.4,0.006855060001435265,0.4702988391443556,0.4702988391443555,True
ring,random_avg,28,22054,100,2.0,0.9999802672842835,1.973271571653612e-05,724,72400,100.0,0.00999680754188148,0.514359980852388,0.5143599808523879,True
ring,geographic,28,22054,100,2.0,0.9999802672842835,1.973271571653612e-05,10,51585,5158.5,0.008431378040727688,0.514359980852388,0.5143599808523879,True
ring,random_avg,29,22055,100,2.0,0.9999802672842835,1.973271571653612e-05,1041,104100,100.0,0.009996944967241517,0.4889712234318958,0.4889712234318958,True
ring,geographic,29,22055,100,2.0,0.9999802672842835,1.973271571653612e-05,10,52179,5217.9,0.00839275769925163,0.4889712234318958,0.4889712234318957,True
ring,random_avg,30,22056,100,2.0,0.9999802672842835,1.973271571653612e-05,956,95600,100.0,0.009983703446073577,0.5226935985069915,0.5226935985069917,True
ring,geographic,30,22056,100,2.0,0.9999802672842835,1.973271571653612e-05,9,46802,5200.222222222223,0.007864852826571234,0.5226935985069915,0.5226935985069917,True
ring,random_avg,31,22057,100,2.0,0.9999802672842835,1.973271571653612e-05,1026,102600,100.0,0.009990164564272985,0.4812240890228681,0.48122408902286856,True
ring,geographic,31,22057,100,2.0,0.9999802672842835,1.973271571653612e-05,11,56297,5117.909090909091,0.009845594047154849,0.4812240890228681,0.4812240890228683,True
ring,random_avg,32,22058,100,2.0,0.9999802672842835,1.973271571653612e-05,228,22800,100.0,0.009952584406927478,0.5002200016529473,0.5002200016529473,True
ring,geographic,32,22058,100,2.0,0.9999802672842835,1.973271571653612e-05,12,61390,5115.833333333333,0.00476835277340415,0.5002200016529473,0.5002200016529472,True
ring,random_avg,33,22059,100,2.0,0.9999802672842835,1.973271571653612e-05,951,95100,100.0,0.009994097633909238,0.5112175328076436,0.5112175328076437,True
ring,geographic,33,22059,100,2.0,0.9999802672842835,1.973271571653612e-05,9,47328,5258.666666666667,0.0074977737195000005,0.5112175328076436,0.5112175328076436,True
ring,random_avg,34,22060,100,2.0,0.9999802672842835,1.973271571653612e-05,1220,122000,100.0,0.009962242254758724,0.4851274775603066,0.48512747756030683,True
ring,geographic,34,22060,100,2.0,0.9999802672842835,1.973271571653612e-05,9,48140,5348.888888888889,0.009577747747005594,0.4851274775603066,0.4851274775603066,True
ring,random_avg,35,22061,100,2.0,0.9999802672842835,1.973271571653612e-05,997,99700,100.0,0.009931131426561601,0.4736744039255382,0.4736744039255382,True
ring,geographic,35,22061,100,2.0,0.9999802672842835,1.973271571653612e-05,9,48370,5374.444444444444,0.00820164261081735,0.4736744039255382,0.47367440392553833,True
ring,random_avg,36,22062,100,2.0,0.9999802672842835,1.973271571653612e-05,1002,100200,100.0,0.00991481619501522,0.5221025486228987,0.5221025486228986,True
ring,geographic,36,22062,100,2.0,0.9999802672842835,1.973271571653612e-05,9,47373,5263.666666666667,0.00937173942880487,0.5221025486228987,0.5221025486228988,True
ring,random_avg,37,22063,100,2.0,0.9999802672842835,1.973271571653612e-05,796,79600,100.0,0.0099108356558828,0.5326655806889868,0.5326655806889872,True
ring,geographic,37,22063,100,2.0,0.9999802672842835,1.973271571653612e-05,9,46036,5115.111111111111,0.009335600939852529,0.5326655806889868,0.532665580688987,True
ring,random_avg,38,22064,100,2.0,0.9999802672842835,1.973271571653612e-05,386,38600,100.0,0.009982370684839537,0.5216168550964323,0.5216168550964322,True
ring,geographic,38,22064,100,2.0,0.9999802672842835,1.973271571653612e-05,9,47637,5293.0,0.008082931026453077,0.5216168550964323,0.5216168550964323,True
ring,random_avg,39,22065,100,2.0,0.9999802672842835,1.973271571653612e-05,976,97600,100.0,0.009999115665543679,0.5530400474253945,0.5530400474253946,True
ring,geographic,39,22065,100,2.0,0.9999802672842835,1.973271571653612e-05,9,47909,5323.222222222223,0.007802164217018959,0.5530400474253945,0.5530400474253944,True
ring,random_avg,40,22066,100,2.0,0.9999802672842835,1.973271571653612e-05,1066,106600,100.0,0.009955416553118601,0.5094095650136746,0.5094095650136746,True
ring,geographic,40,22066,100,2.0,0.9999802672842835,1.973271571653612e-05,10,53075,5307.5,0.008161729513915139,0.5094095650136746,0.5094095650136747,True
ring,random_avg,41,22067,100,2.0,0.9999802672842835,1.973271571653612e-05,754,75400,100.0,0.009998851360417393,0.49635682081101057,0.4963568208110107,True
ring,geographic,41,22067,100,2.0,0.9999802672842835,1.973271571653612e-05,12,62714,5226.166666666667,0.004339383134119357,0.49635682081101057,0.4963568208110107,True
ring,random_avg,42,22068,100,2.0,0.9999802672842835,1.973271571653612e-05,824,82400,100.0,0.009983353268094464,0.461436494915719,0.4614364949157188,True
ring,geographic,42,22068,100,2.0,0.9999802672842835,1.973271571653612e-05,10,52950,5295.0,0.0060479134342065755,0.461436494915719,0.461436494915719,True
ring,random_avg,43,22069,100,2.0,0.9999802672842835,1.973271571653612e-05,617,61700,100.0,0.009998396614984306,0.40244509924021105,0.4024450992402111,True
ring,geographic,43,22069,100,2.0,0.9999802672842835,1.973271571653612e-05,10,51803,5180.3,0.007694327679455548,0.40244509924021105,0.40244509924021116,True
ring,random_avg,44,22070,100,2.0,0.9999802672842835,1.973271571653612e-05,737,73700,100.0,0.009975154041436674,0.5055267474070524,0.5055267474070526,True
ring,geographic,44,22070,100,2.0,0.9999802672842835,1.973271571653612e-05,8,42823,5352.875,0.008511546239684753,0.5055267474070524,0.5055267474070524,True
ring,random_avg,45,22071,100,2.0,0.9999802672842835,1.973271571653612e-05,1035,103500,100.0,0.009983608644876685,0.43053423101877486,0.4305342310187747,True
ring,geographic,45,22071,100,2.0,0.9999802672842835,1.973271571653612e-05,9,46708,5189.777777777777,0.007194922900500167,0.43053423101877486,0.43053423101877497,True
ring,random_avg,46,22072,100,2.0,0.9999802672842835,1.973271571653612e-05,859,85900,100.0,0.009959796916488517,0.50663325672239,0.50663325672239,True
ring,geographic,46,22072,100,2.0,0.9999802672842835,1.973271571653612e-05,12,63990,5332.5,0.005569187458679736,0.50663325672239,0.50663325672239,True
ring,random_avg,47,22073,100,2.0,0.9999802672842835,1.973271571653612e-05,1263,126300,100.0,0.00998337297373697,0.5379754517492435,0.5379754517492434,True
ring,geographic,47,22073,100,2.0,0.9999802672842835,1.973271571653612e-05,11,56861,5169.181818181818,0.004637548201896435,0.5379754517492435,0.5379754517492435,True
ring,random_avg,48,22074,100,2.0,0.9999802672842835,1.973271571653612e-05,1079,107900,100.0,0.00998441779892445,0.4372105664887313,0.43721056648873124,True
ring,geographic,48,22074,100,2.0,0.9999802672842835,1.973271571653612e-05,10,53417,5341.7,0.00880332482934626,0.4372105664887313,0.4372105664887313,True
ring,random_avg,49,22075,100,2.0,0.9999802672842835,1.973271571653612e-05,1161,116100,100.0,0.009978526663120157,0.511052981370906,0.5110529813709062,True
ring,geographic,49,22075,100,2.0,0.9999802672842835,1.973271571653612e-05,9,47796,5310.666666666667,0.006619006402042826,0.511052981370906,0.5110529813709062,True
scale_free,random_avg,0,32026,100,3.94,0.998960665955243,0.0010393340447569788,20,2000,100.0,0.009793831170127443,0.5404130563819559,0.5404130563819559,True
scale_free,geographic,0,32026,100,3.94,0.998960665955243,0.0010393340447569788,28,6795,242.67857142857142,0.006390662672483671,0.5404130563819559,0.540413056381956,True
scale_free,random_avg,1,32027,100,3.94,0.9987362841551831,0.0012637158448168817,18,1800,100.0,0.00962666619578606,0.4792142426922186,0.4792142426922186,True
scale_free,geographic,1,32027,100,3.94,0.9987362841551831,0.0012637158448168817,24,6041,251.70833333333334,0.007987914149963915,0.4792142426922186,0.4792142426922187,True
scale_free,random_avg,2,32028,100,3.94,0.9985591245685892,0.001440875431410804,18,1800,100.0,0.00600937262069845,0.5223835163287771,0.5223835163287771,True
scale_free,geographic,2,32028,100,3.94,0.9985591245685892,0.001440875431410804,18,4670,259.44444444444446,0.008292551039126073,0.5223835163287771,0.5223835163287771,True
scale_free,random_avg,3,32029,100,3.94,0.9987608271606175,0.001239172839382463,28,2800,100.0,0.009812326046873654,0.444144149491399,0.44414414949139897,True
scale_free,geographic,3,32029,100,3.94,0.9987608271606175,0.001239172839382463,25,5176,207.04,0.00807277360129599,0.444144149491399,0.44414414949139897,True
scale_free,random_avg,4,32030,100,3.94,0.998708132409747,0.0012918675902530152,19,1900,100.0,0.008944465320679773,0.49293577648516057,0.49293577648516057,True
scale_free,geographic,4,32030,100,3.94,0.998708132409747,0.0012918675902530152,21,4861,231.47619047619048,0.007646660708922781,0.49293577648516057,0.4929357764851606,True
scale_free,random_avg,5,32031,100,3.94,0.9986380599868698,0.0013619400131301695,18,1800,100.0,0.00943255234753737,0.5007473886160716,0.5007473886160717,True
scale_free,geographic,5,32031,100,3.94,0.9986380599868698,0.0013619400131301695,20,4969,248.45,0.006102122219712569,0.5007473886160716,0.5007473886160717,True
scale_free,random_avg,6,32032,100,3.94,0.9988467797074256,0.001153220292574364,22,2200,100.0,0.008847506346988276,0.44272089110276325,0.4427208911027634,True
scale_free,geographic,6,32032,100,3.94,0.9988467797074256,0.001153220292574364,20,4802,240.1,0.00821920128325554,0.44272089110276325,0.4427208911027634,True
scale_free,random_avg,7,32033,100,3.94,0.9987336664114494,0.00126633358855055,22,2200,100.0,0.009839770935524017,0.488743237890675,0.48874323789067503,True
scale_free,geographic,7,32033,100,3.94,0.9987336664114494,0.00126633358855055,22,5010,227.72727272727272,0.00822902932170555,0.488743237890675,0.488743237890675,True
scale_free,random_avg,8,32034,100,3.94,0.9985649984244519,0.0014350015755481005,22,2200,100.0,0.008567355759233397,0.5404971614290602,0.5404971614290602,True
scale_free,geographic,8,32034,100,3.94,0.9985649984244519,0.0014350015755481005,16,3844,240.25,0.00990560694065834,0.5404971614290602,0.5404971614290602,True
scale_free,random_avg,9,32035,100,3.94,0.9986929981502264,0.0013070018497736147,21,2100,100.0,0.009301212825663319,0.5321021685008749,0.5321021685008749,True
scale_free,geographic,9,32035,100,3.94,0.9986929981502264,0.0013070018497736147,21,5127,244.14285714285714,0.009665161555748814,0.5321021685008749,0.5321021685008749,True
scale_free,random_avg,10,32036,100,3.94,0.9985299050720586,0.0014700949279413678,20,2000,100.0,0.009702409481061158,0.47716372968387843,0.4771637296838784,True
scale_free,geographic,10,32036,100,3.94,0.9985299050720586,0.0014700949279413678,26,5276,202.92307692307693,0.00908791865507208,0.47716372968387843,0.4771637296838783,True
scale_free,random_avg,11,32037,100,3.94,0.9986824208307677,0.0013175791692322525,20,2000,100.0,0.006081545875871952,0.49753331966766434,0.49753331966766434,True
scale_free,geographic,11,32037,100,3.94,0.9986824208307677,0.0013175791692322525,19,4638,244.10526315789474,0.009830165908138011,0.49753331966766434,0.4975333196676641,True
scale_free,random_avg,12,32038,100,3.94,0.9986966168578385,0.001303383142161496,20,2000,100.0,0.007556244087407071,0.48511467043785994,0.48511467043786,True
scale_free,geographic,12,32038,100,3.94,0.9986966168578385,0.001303383142161496,26,5861,225.42307692307693,0.0071825364714313,0.48511467043785994,0.48511467043786,True
scale_free,random_avg,13,32039,100,3.94,0.9987408782654686,0.0012591217345313543,19,1900,100.0,0.009371542495793028,0.4322679093333606,0.43226790933336057,True
scale_free,geographic,13,32039,100,3.94,0.9987408782654686,0.0012591217345313543,19,4378,230.42105263157896,0.008797162414124815,0.4322679093333606,0.4322679093333606,True
scale_free,random_avg,14,32040,100,3.94,0.998542731884991,0.0014572681150090139,25,2500,100.0,0.008423703324742349,0.49256975646097645,0.49256975646097634,True
scale_free,geographic,14,32040,100,3.94,0.998542731884991,0.0014572681150090139,17,3935,231.47058823529412,0.009701592022742678,0.49256975646097645,0.49256975646097645,True
scale_free,random_avg,15,32041,100,3.94,0.9987361052402094,0.001263894759790607,27,2700,100.0,0.009668129352100263,0.4663926478028194,0.4663926478028194,True
scale_free,geographic,15,32041,100,3.94,0.9987361052402094,0.001263894759790607,23,4994,217.1304347826087,0.008127691181588292,0.4663926478028194,0.46639264780281947,True
scale_free,random_avg,16,32042,100,3.94,0.9987898803222083,0.0012101196777917211,20,2000,100.0,0.007456248422953005,0.5115442543008821,0.5115442543008822,True
scale_free,geographic,16,32042,100,3.94,0.9987898803222083,0.0012101196777917211,22,5225,237.5,0.006671608166468057,0.5115442543008821,0.5115442543008821,True
scale_free,random_avg,17,32043,100,3.94,0.9988224441266994,0.0011775558733005953,22,2200,100.0,0.009219285980640035,0.5323633766394159,0.532363376639416,True
scale_free,geographic,17,32043,100,3.94,0.9988224441266994,0.0011775558733005953,22,5055,229.77272727272728,0.005798159675249437,0.5323633766394159,0.532363376639416,True
scale_free,random_avg,18,32044,100,3.94,0.9987061818644251,0.0012938181355749423,25,2500,100.0,0.00516981973634989,0.5258621279610227,0.5258621279610228,True
scale_free,geographic,18,32044,100,3.94,0.9987061818644251,0.0012938181355749423,24,5573,232.20833333333334,0.007622141788218961,0.5258621279610227,0.5258621279610228,True
scale_free,random_avg,19,32045,100,3.94,0.9985965144053295,0.0014034855946705171,18,1800,100.0,0.009432145947740056,0.4664981807863016,0.4664981807863016,True
scale_free,geographic,19,32045,100,3.94,0.9985965144053295,0.0014034855946705171,19,4451,234.26315789473685,0.008122590421310028,0.4664981807863016,0.46649818078630145,True
scale_free,random_avg,20,32046,100,3.94,0.9987549899944312,0.0012450100055687585,20,2000,100.0,0.009425134747890862,0.5099914353044146,0.5099914353044146,True
scale_free,geographic,20,32046,100,3.94,0.9987549899944312,0.0012450100055687585,22,4694,213.36363636363637,0.008123258743021666,0.5099914353044146,0.5099914353044145,True
scale_free,random_avg,21,32047,100,3.94,0.9987897460419166,0.0012102539580833849,24,2400,100.0,0.006929580872477414,0.48709876185197554,0.48709876185197554,True
scale_free,geographic,21,32047,100,3.94,0.9987897460419166,0.0012102539580833849,26,5999,230.73076923076923,0.009568477089040184,0.48709876185197554,0.48709876185197554,True
scale_free,random_avg,22,32048,100,3.94,0.9987576768159941,0.0012423231840058557,22,2200,100.0,0.008782891061876352,0.4874197604336684,0.4874197604336684,True
scale_free,geographic,22,32048,100,3.94,0.9987576768159941,0.0012423231840058557,20,4577,228.85,0.006515537317867193,0.4874197604336684,0.48741976043366847,True
scale_free,random_avg,23,32049,100,3.94,0.9987807502489967,0.001219249751003293,22,2200,100.0,0.005604415784056738,0.48284482449742044,0.4828448244974205,True
scale_free,geographic,23,32049,100,3.94,0.9987807502489967,0.001219249751003293,20,5085,254.25,0.0037290235617897793,0.48284482449742044,0.48284482449742044,True
scale_free,random_avg,24,32050,100,3.94,0.9986011054472473,0.0013988945527526608,24,2400,100.0,0.008275908280093058,0.47115109224784646,0.4711510922478464,True
scale_free,geographic,24,32050,100,3.94,0.9986011054472473,0.0013988945527526608,19,4695,247.10526315789474,0.005897227451879705,0.47115109224784646,0.4711510922478464,True
scale_free,random_avg,25,32051,100,3.94,0.9986755997350812,0.001324400264918757,26,2600,100.0,0.007857050177151992,0.49988768662682503,0.49988768662682503,True
scale_free,geographic,25,32051,100,3.94,0.9986755997350812,0.001324400264918757,15,3752,250.13333333333333,0.009863640636430193,0.49988768662682503,0.49988768662682503,True
scale_free,random_avg,26,32052,100,3.94,0.9986563685166508,0.0013436314833491503,20,2000,100.0,0.007488193713752145,0.48209220703866845,0.48209220703866845,True
scale_free,geographic,26,32052,100,3.94,0.9986563685166508,0.0013436314833491503,19,4712,248.0,0.00681710175667799,0.48209220703866845,0.4820922070386684,True
scale_free,random_avg,27,32053,100,3.94,0.9985823399728702,0.0014176600271298412,19,1900,100.0,0.009261442167938672,0.5125524841656706,0.5125524841656706,True
scale_free,geographic,27,32053,100,3.94,0.9985823399728702,0.0014176600271298412,20,4452,222.6,0.009941493989762629,0.5125524841656706,0.5125524841656705,True
scale_free,random_avg,28,32054,100,3.94,0.9988763884040212,0.0011236115959788462,25,2500,100.0,0.009745591006166399,0.48684776878056807,0.48684776878056807,True
scale_free,geographic,28,32054,100,3.94,0.9988763884040212,0.0011236115959788462,22,5170,235.0,0.006907699704380932,0.48684776878056807,0.48684776878056796,True
scale_free,random_avg,29,32055,100,3.94,0.9986832514144646,0.0013167485855354322,25,2500,100.0,0.00979824652718242,0.5084630758643625,0.5084630758643625,True
scale_free,geographic,29,32055,100,3.94,0.9986832514144646,0.0013167485855354322,19,4363,229.6315789473684,0.007241361311904448,0.5084630758643625,0.5084630758643623,True
scale_free,random_avg,30,32056,100,3.94,0.9986363003299773,0.0013636996700227,21,2100,100.0,0.0073331081077094296,0.47471945204818666,0.47471945204818666,True
scale_free,geographic,30,32056,100,3.94,0.9986363003299773,0.0013636996700227,17,4357,256.29411764705884,0.006920538189260583,0.47471945204818666,0.47471945204818666,True
scale_free,random_avg,31,32057,100,3.94,0.9987618252218408,0.00123817477815924,25,2500,100.0,0.008152947842598679,0.5047551348096558,0.5047551348096558,True
scale_free,geographic,31,32057,100,3.94,0.9987618252218408,0.00123817477815924,20,4397,219.85,0.008127213886704232,0.5047551348096558,0.5047551348096558,True
scale_free,random_avg,32,32058,100,3.94,0.9985884084530521,0.0014115915469479212,18,1800,100.0,0.009513367627695501,0.494721125048765,0.4947211250487651,True
scale_free,geographic,32,32058,100,3.94,0.9985884084530521,0.0014115915469479212,18,4124,229.11111111111111,0.009113598568609937,0.494721125048765,0.4947211250487651,True
scale_free,random_avg,33,32059,100,3.94,0.9985151434869123,0.0014848565130877178,20,2000,100.0,0.009881018497291616,0.548398477910439,0.548398477910439,True
scale_free,geographic,33,32059,100,3.94,0.9985151434869123,0.0014848565130877178,18,4113,228.5,0.005334723930509377,0.548398477910439,0.548398477910439,True
scale_free,random_avg,34,32060,100,3.94,0.9987736168850212,0.0012263831149788018,25,2500,100.0,0.00822319215200984,0.5010037614205075,0.5010037614205076,True
scale_free,geographic,34,32060,100,3.94,0.9987736168850212,0.0012263831149788018,19,4762,250.6315789473684,0.0076348382562405614,0.5010037614205075,0.5010037614205075,True
scale_free,random_avg,35,32061,100,3.94,0.9988055509150885,0.0011944490849115086,20,2000,100.0,0.008930066244131618,0.4811627808761009,0.48116278087610104,True
scale_free,geographic,35,32061,100,3.94,0.9988055509150885,0.0011944490849115086,20,5025,251.25,0.008682136803680962,0.4811627808761009,0.48116278087610104,True
scale_free,random_avg,36,32062,100,3.94,0.9987905118912469,0.0012094881087530984,20,2000,100.0,0.008310290035313916,0.5206223208236427,0.5206223208236428,True
scale_free,geographic,36,32062,100,3.94,0.9987905118912469,0.0012094881087530984,20,4459,222.95,0.008024831087731221,0.5206223208236427,0.5206223208236428,True
scale_free,random_avg,37,32063,100,3.94,0.9988132946883999,0.0011867053116001447,19,1900,100.0,0.00992331683590486,0.45583368372129374,0.4558336837212938,True
scale_free,geographic,37,32063,100,3.94,0.9988132946883999,0.0011867053116001447,22,5180,235.45454545454547,0.009686838138070974,0.45583368372129374,0.4558336837212938,True
scale_free,random_avg,38,32064,100,3.94,0.9989510578595283,0.001048942140471687,18,1800,100.0,0.006702073053617363,0.5261484260060343,0.5261484260060344,True
scale_free,geographic,38,32064,100,3.94,0.9989510578595283,0.001048942140471687,33,7879,238.75757575757575,0.0068749008985313775,0.5261484260060343,0.5261484260060345,True
scale_free,random_avg,39,32065,100,3.94,0.9987864593802275,0.001213540619772524,21,2100,100.0,0.009530965637294275,0.5313896604714544,0.5313896604714546,True
scale_free,geographic,39,32065,100,3.94,0.9987864593802275,0.001213540619772524,18,4261,236.72222222222223,0.008497468820795384,0.5313896604714544,0.5313896604714544,True
scale_free,random_avg,40,32066,100,3.94,0.9986272518965486,0.0013727481034514488,23,2300,100.0,0.009759546185991286,0.5306093820234835,0.5306093820234836,True
scale_free,geographic,40,32066,100,3.94,0.9986272518965486,0.0013727481034514488,19,4762,250.6315789473684,0.008505255004984336,0.5306093820234835,0.5306093820234836,True
scale_free,random_avg,41,32067,100,3.94,0.9987649155297176,0.0012350844702824215,22,2200,100.0,0.0076827307444815585,0.4915629810858212,0.49156298108582114,True
scale_free,geographic,41,32067,100,3.94,0.9987649155297176,0.0012350844702824215,20,4672,233.6,0.00786719515735973,0.4915629810858212,0.4915629810858212,True
scale_free,random_avg,42,32068,100,3.94,0.9987166368835309,0.0012833631164691495,25,2500,100.0,0.00886002985384271,0.49740826875990196,0.49740826875990196,True
scale_free,geographic,42,32068,100,3.94,0.9987166368835309,0.0012833631164691495,21,4768,227.04761904761904,0.0079430462372454,0.49740826875990196,0.49740826875990196,True
scale_free,random_avg,43,32069,100,3.94,0.9987693141269918,0.0012306858730082304,19,1900,100.0,0.009929249520458816,0.4834490305631672,0.48344903056316724,True
scale_free,geographic,43,32069,100,3.94,0.9987693141269918,0.0012306858730082304,24,5861,244.20833333333334,0.0055591523316130265,0.4834490305631672,0.4834490305631672,True
scale_free,random_avg,44,32070,100,3.94,0.9985953382102839,0.0014046617897160996,22,2200,100.0,0.009494635569789134,0.44210314769434744,0.44210314769434744,True
scale_free,geographic,44,32070,100,3.94,0.9985953382102839,0.0014046617897160996,17,4363,256.6470588235294,0.00698523578156085,0.44210314769434744,0.44210314769434744,True
scale_free,random_avg,45,32071,100,3.94,0.9986420988089723,0.0013579011910277439,21,2100,100.0,0.006371498722698599,0.5162137974637926,0.5162137974637926,True
scale_free,geographic,45,32071,100,3.94,0.9986420988089723,0.0013579011910277439,18,4153,230.72222222222223,0.008472818470544263,0.5162137974637926,0.5162137974637926,True
scale_free,random_avg,46,32072,100,3.94,0.9985997861563071,0.0014002138436929323,19,1900,100.0,0.009929413511833296,0.5506110364672567,0.5506110364672568,True
scale_free,geographic,46,32072,100,3.94,0.9985997861563071,0.0014002138436929323,21,4948,235.61904761904762,0.007223404252687304,0.5506110364672567,0.5506110364672568,True
scale_free,random_avg,47,32073,100,3.94,0.9989260016216313,0.0010739983783687457,26,2600,100.0,0.00938681975853406,0.4938383852657793,0.4938383852657793,True
scale_free,geographic,47,32073,100,3.94,0.9989260016216313,0.0010739983783687457,19,4406,231.89473684210526,0.00874529837322191,0.4938383852657793,0.4938383852657791,True
scale_free,random_avg,48,32074,100,3.94,0.9987336999746734,0.0012663000253265722,21,2100,100.0,0.007548829060737894,0.4851654565616051,0.4851654565616051,True
scale_free,geographic,48,32074,100,3.94,0.9987336999746734,0.0012663000253265722,19,4446,234.0,0.009802060117790057,0.4851654565616051,0.48516545656160515,True
scale_free,random_avg,49,32075,100,3.94,0.9986607226790275,0.0013392773209724984,22,2200,100.0,0.009253458600018138,0.517103757082888,0.517103757082888,True
scale_free,geographic,49,32075,100,3.94,0.9986607226790275,0.0013392773209724984,21,4627,220.33333333333334,0.009607763297125427,0.517103757082888,0.5171037570828881,True
